Year,Month,Day,Message
2026,0,15,الربع شهر 💵
2026,1,12,الربع شهر 💵
2026,2,16,الربع شهر 💵
2026,3,15,الربع شهر 💵
2026,4,14,الربع شهر 💵
2026,5,15,الربع شهر 💵
2026,6,15,الربع شهر 💵
2026,7,13,الربع شهر 💵
2026,8,15,الربع شهر 💵
2026,9,15,الربع شهر 💵
2026,10,12,الربع شهر 💵
2026,11,15,الربع شهر 💵
2026,0,28,المرتب الشهري 💵
2026,1,25,المرتب الشهري 💵
2026,2,30,المرتب الشهري 💵
2026,3,28,المرتب الشهري 💵
2026,4,25,المرتب الشهري 💵
2026,5,29,المرتب الشهري 💵
2026,6,29,المرتب الشهري 💵
2026,7,27,المرتب الشهري 💵
2026,8,28,المرتب الشهري 💵
2026,9,28,المرتب الشهري 💵
2026,10,26,المرتب الشهري 💵
2026,11,28,المرتب الشهري 💵
